Category,Term,Count,%,PValue,Genes,List Total,Pop Hits,Pop Total,Fold Enrichment,Bonferroni,Benjamini,FDR
GOTERM_BP_DIRECT,GO:0071277~Cellular response to calcium ion,2,28.57142857,0.017641009,"CPNE9, HPCA",7,88,29712,96.46753247,0.902859707,1,1
GOTERM_CC_DIRECT,GO:0005886~Plasma membrane,5,71.42857143,0.018108391,"CPNE9, SFRP1, RAB15, DNM1, MPP7",7,6054,29722,3.506772382,0.56855719,0.832985992,0.832985992
GOTERM_MF_DIRECT,GO:0003924~GTPase activity,2,28.57142857,0.063399129,"RAB15, DNM1",7,314,28924,26.31847134,0.859835922,0.682518807,0.682518807
GOTERM_MF_DIRECT,GO:0042802~Identical protein binding,3,42.85714286,0.064612498,"SFRP1, HPCA, DNM1",7,2094,28924,5.919770774,0.865182308,0.682518807,0.682518807
GOTERM_MF_DIRECT,GO:0005525~GTP binding,2,28.57142857,0.078229626,"RAB15, DNM1",7,390,28924,21.18974359,0.913167488,0.682518807,0.682518807
GOTERM_MF_DIRECT,GO:0005515~Protein binding,4,57.14285714,0.091002508,"SFRP1, RAB15, HPCA, DNM1",7,5596,28924,2.953538242,0.942867852,0.682518807,0.682518807